{
  "slides": [
    {
      "id": 1,
      "title": "Swift Delivery Solutions",
      "subtitle": "Experience lightning-fast courier services across the globe with OCL SERVICES's advanced logistics network",
      "backgroundImage": "/api/placeholder/1920/800",
      "ctaText": "Track Your Package"
    },
    {
      "id": 2,
      "title": "Logistics Made Simple",
      "subtitle": "Streamline your shipping operations with our comprehensive logistics management platform",
      "backgroundImage": "/api/placeholder/1920/800",
      "ctaText": "Get Started Today"
    },
    {
      "id": 3,
      "title": "Reliable & Secure Shipping",
      "subtitle": "Trust OCL SERVICES for secure, on-time deliveries with real-time tracking and insurance coverage",
      "backgroundImage": "/api/placeholder/1920/800",
      "ctaText": "Schedule Pickup"
    }
  ],
  "buttons": [
    {
      "text": "Track Parcel",
      "type": "primary",
      "action": "scroll-to-tracking"
    },
    {
      "text": "Download App",
      "type": "outline",
      "action": "open-modal"
    }
  ]
}