{
  "invoices": [
    {
      "id": "INV-2024-001",
      "awb": "DB123456789",
      "date": "2024-03-15",
      "amount": 1250.50,
      "status": "Paid",
      "recipient": "ABC Electronics",
      "destination": "Mumbai",
      "dueDate": "2024-03-30"
    },
    {
      "id": "INV-2024-002",
      "awb": "DB987654321",
      "date": "2024-03-20",
      "amount": 850.75,
      "status": "Pending",
      "recipient": "XYZ Traders",
      "destination": "Delhi",
      "dueDate": "2024-04-05"
    },
    {
      "id": "INV-2024-003",
      "awb": "DB456789123",
      "date": "2024-03-25",
      "amount": 2100.25,
      "status": "Overdue",
      "recipient": "PQR Industries",
      "destination": "Bangalore",
      "dueDate": "2024-03-25"
    }
  ]
}